name,user_id
commits,UDT2DMXEH
apache-releases,U018116Q89F
newsletter,U018116Q89F
introductions,U018116Q89F
community-feedback,U018116Q89F
beginners,U018116Q89F
general,UD20NKQAZ
general,URSLCV17V
general,URU6P5MAQ
general,URUAZF2QZ
general,URUFQ86MT
general,URUH04ZCN
general,URULLQ2EM
general,URUU6RE00
general,URV1TB21E
general,URVAS29PE
general,URVAWT7JQ
general,URVNGU2CQ
general,URVP294JK
general,URWB2L4E7
general,URWPVRRDX
general,URXLCSMTP
general,URY1JMWM8
general,URZ50TWSJ
general,US8N5JVKN
general,US99A6VUN
general,US9AD6007
general,US9C7CEBZ
general,USAEQEVRP
general,USBM5U0C9
general,USCL3SULS
general,USCQFHCBB
general,USCS4MZK2
general,USD0CFH1C
general,USD7RU8KW
general,USEJPPS14
general,USELF6APQ
general,USF66AJ2K
general,USH0U205T
general,USH35E079
general,USH9R3DV4
general,USJGW8R9D
general,USKCHSE2W
general,USKD8FDQQ
general,USLEQDY76
general,USMHRMCHK
general,USNUR1K0D
general,USNUZG2RH
general,USS6T62LC
general,USSLS3D6C
general,USSPSTS0L
general,UST40LMQW
general,USTDSL2MC
general,USUJ0N9FZ
general,USUNG3ZJR
general,USURX9VBP
general,USVME8T25
general,USWGRSDEX
general,USWL20F25
general,USX2M6812
general,USYQDGSB1
general,USYT1EG4D
general,USZ9L636F
general,USZC0BT1T
general,USZCKUNS0
general,UT07F6X99
general,UT0H7RXB4
general,UT0V420F3
general,UT1J67WLW
general,UT20KMFTL
general,UT2TMHM0E
general,UT3LZS6JH
general,UT3U9ETQF
general,UT3UJQW4W
general,UT4CC3QCR
general,UT51H29FS
general,UT52J3ZQ8
general,UT5RVDX7C
general,UT631QPUJ
general,UT65VP7B5
general,UT6BPK1FS
general,UT6SZP4KE
general,UT7C0CP7E
general,UT7NEP3DE
general,UT8PHBRD0
general,UT8QJCLR5
general,UT96Q571D
general,UT99T7PFF
general,UT9B13T1A
general,UT9GU10AY
general,UT9LSQFLL
general,UT9PNRA0G
general,UTA2URZ89
general,UTA9849B4
general,UTABZ4TNH
general,UTALPS5BJ
general,UTAMDHPU6
general,UTAPJUH7X
general,UTB9BS1GE
general,UTBBNJUHW
general,UTBBWQX0D
general,UTBEG6GTB
general,UTBGG6JVB
general,UTBQR1WG2
general,UTBQWMC49
general,UTBTSFS5T
general,UTBVAV8F9
general,UTCBPAJ80
general,UTCT9AYR4
general,UTD1Y3R1T
general,UTE91HP33
general,UTENKFY5R
general,UTETPNM7F
general,UTF36PAKX
general,UTFJJQLQ5
general,UTGL7AQ1J
general,UTJ3BG9BL
general,UTJLYEBCM
general,UTK9YA8R4
general,UTKC66GP2
general,UTLHRS1SR
general,UTLPD9E91
general,UTLV7SJ3F
general,UTM050Y80
general,UTN74QA92
general,UTP8QEKNY
general,UTPNP2EN6
general,UTQAXQT6H
general,UTR13GG1E
general,UTR3HR44Q
general,UTRF1EABH
general,UTS07AUJV
general,UTS0W9D5K
general,UTSB9BQER
general,UTSF8PGSH
general,UTSS3TLT1
general,UTUHEMR51
general,UTUN312AX
general,UTVLV31NF
general,UTVV46QTV
general,UTW1CMLLF
general,UTWDL8763
general,UTWV122L9
general,UTZKS8BT5
general,UTZRG2JKZ
general,UU056MPLY
general,UU0K8S5U3
general,UU10WEB62
general,UU1KG2F19
general,UU32ACJ8M
general,UU38SJ68L
general,UU3M09KR9
general,UU404V4R5
general,UU44MHWUU
general,UU58UKWLQ
general,UU5UTJT50
general,UU6RKS43V
general,UU7RDL8BZ
general,UU8SVLA1Y
general,UU94W9CUS
general,UU98R2DSR
general,UUA8R258A
general,UUAHXMBDM
general,UUASYMC94
general,UUB72FNMS
general,UUCBKLJKU
general,UUCD5E9D1
general,UUCDQGR0S
general,UUCKU3LNB
general,UUCLE26QM
general,UUCPEQGGM
general,UUE0B3KSP
general,UUEFHS6DU
general,UUFK417UP
general,UUGU4HXL1
general,UUJ41C16D
general,UUJHHV0B0
general,UUK0QCW3W
general,UUK4PLWCS
general,UUKCYMU3A
general,UUKEKK2KY
general,UULHRS8Q6
general,UUMC2MWG0
general,UUMHGHER1
general,UUMQUGKV5
general,UUPEU29B3
general,UUQQNR7HA
general,UUR3SUV8D
general,UUR5FTHA6
general,UURA8952Q
general,UUSAL3DMK
general,UUTDMM6RH
general,UUTFXDN8G
general,UUTSWFQLR
general,UUTUVQLD7
general,UUUJAMG7N
general,UUV02R7NY
general,UUV2A1X5H
general,UUV8KPMA4
general,UUW7T1F5F
general,UUW8GV604
general,UUWDGMJJG
general,UUX0BFFJL
general,UUX2V6XRQ
general,UUXKS60EP
general,UUXKZ8UH4
general,UUYMXEV4M
general,UUYRM2615
general,UUZ4XT50A
general,UV0ULHQB1
general,UV11UUHEJ
general,UV28016SX
general,UV2943T2P
general,UV33GLU9W
general,UV6TAD74M
general,UV8UR7RNJ
general,UVA582ZQV
general,UVA7DEH3N
general,UVA7MJY07
general,UVBH9N6JX
general,UVCDKJ72S
general,UVDPEHB5K
general,UVDPELX1B
general,UVDT8GJCW
general,U0100S03SQN
general,U0100S2KHRP
general,U0101EY6BLG
general,U0101JVM9GX
general,U0101JVNMM5
general,U0101JVTMHD
general,U0101JW166B
general,U0101RMN7BK
general,U0101V201UN
general,U01037NGRCH
general,U01053NL8FL
general,U01060P74N8
general,U01065G4DJA
general,U0107853GM8
general,U010843DF53
general,U0108GJRR0F
general,U0108M9M3CK
general,U0108PHAL0L
general,U0109LGCN2V
general,U0109MT3Z9V
general,U010BDAPTBM
general,U010DE3MCFM
general,U010E8TNA7R
general,U010EBZDF28
general,U010FEQQF5F
general,U010GHGT6F8
general,U010H79VBJ6
general,U010HG2HNGH
general,U010HJFDBUH
general,U010J7S5YSK
general,U010K2AMZTM
general,U010KGNCPKM
general,U010L66PJ6N
general,U010LGNASDV
general,U010MRLEHA5
general,U010P453NTZ
general,U010P7VBANQ
general,U010QMFDR60
general,U010QRGQHLH
general,U010R1S6N6Q
general,U010RFPRYAG
general,U010RG0JUUA
general,U010S3LR38X
general,U010SFV8PAN
general,U010SM4T3LM
general,U010ST0C4N8
general,U010TLFTE4D
general,U010UKTA492
general,U010VDA10NL
general,U010VQTPTMM
general,U010VRLLRTQ
general,U010W1J97EW
general,U010WU4UBQ9
general,U010XCDJSKS
general,U010Y5U41FH
general,U010Z0HSMSM
general,U010ZBBHUA1
general,U0111MGCN3F
general,U01139X7687
general,U011415J3V0
general,U01149W717A
general,U0115BTQ4F2
general,U0115HST8P6
general,U0115RN8PK8
general,U0118STGEQ1
general,U011942S5MH
general,U0119LC0EGN
general,U011B6JQRRS
general,U011BKF8U07
general,U011BQ79ZAT
general,U011C3BL1PY
general,U011CDUFFK9
general,U011CU2AA5V
general,U011FLMDS5S
general,U011GARJQSH
general,U011GARLQTX
general,U011GG6BXBR
general,U011H0DP2AX
general,U011H1GL36V
general,U011H7NQ1P0
general,U011J73M2AJ
general,U011JG635HV
general,U011LK5AZJA
general,U011LPM59SS
general,U011LR13KD3
general,U011MCEKH8W
general,U011MEMHUE7
general,U011NE3MRHC
general,U011NHKS3K2
general,U011P0CNAAZ
general,U011PTBALMU
general,U011QHR0V96
general,U011STV1ECR
general,U011TMUCQKX
general,U011TNL2SRL
general,U011U6QAJ1W
general,U011UN2JN8G
general,U011W4EQMRB
general,U011WBE0XR7
general,U011WFPD0KH
general,U011WMXQAQP
general,U011WRBC69H
general,U011WSSM8JZ
general,U011X8HL4PP
general,U011XFLN8GJ
general,U011Z1XAKS4
general,U011ZELE3D2
general,U011ZU50YUC
general,U0120J3KAJ3
general,U0120K1C7B5
general,U0120K58223
general,U0120Q0T0BE
general,U0121APTYN4
general,U0121CUDB0Q
general,U0121CX2RC4
general,U0121PXDTBQ
general,U01221QEA81
general,U012330PWHJ
general,U0123LJV2TE
general,U0123T7NGFK
general,U01243QM5FH
general,U01244EAXRB
general,U0124P8CKB6
general,U01253RQDQT
general,U0125FY6NLV
general,U01266N68MB
general,U0126A9V9U3
general,U0126HPS7V3
general,U0128HY136Z
general,U0128MCLFK8
general,U0129HVK7S4
general,U012A542TJT
general,U012AM9GQMT
general,U012AN48LUQ
general,U012B75J4GP
general,U012BPL94CC
general,U012BQ37UNT
general,U012CF0VCLV
general,U012CHJEZ5Z
general,U012CQL57CH
general,U012DPFH0DS
general,U012FJK7ME3
general,U012G0XTASV
general,U012G40LKHT
general,U012GDKS3T3
general,U012GRBU9C7
general,U012H283VT9
general,U012H2XAU7P
general,U012H5WMU5T
general,U012HDP68JV
general,U012HG29ZRD
general,U012HQF1D5M
general,U012HS0GKAM
general,U012JG2NP5X
general,U012JGEUD4J
general,U012JP9K3EC
general,U012K226C5R
general,U012KRFMM1U
general,U012MAY95H6
general,U012N4UH8CS
general,U012N8RQC7L
general,U012NG585B3
general,U012Q03NF5F
general,U012QFMJZHR
general,U012QS70PJN
general,U012QSHGV19
general,U012R94N77Y
general,U012RMRDY8L
general,U012RPUJMC5
general,U012SMRD9S5
general,U012T0EEX3K
general,U012WCY8DRT
general,U012X145VTN
general,U012XRN0ML1
general,U012Y0R0797
general,U012Z40GKND
general,U012ZQL442F
general,U0130PJ1KQW
general,U01317EP53Q
general,U0131V7SMEE
general,U01323A41FU
general,U0132LX3ATF
general,U01344YLFV2
general,U01346UHD1A
general,U0134ERAH71
general,U0134MTFW4F
general,U0134RFDB9V
general,U013503UG0P
general,U0135CEECFL
general,U0135RTFXNH
general,U0136CYN9J8
general,U0136MP3QKC
general,U0136P7ED1A
general,U01371VUG6Q
general,U01379WBAA2
general,U0138BPGG1W
general,U0138GK6P2B
general,U0138M522NT
general,U0138M53B47
general,U0138M54ZU7
general,U013927QDMY
general,U0139PQJ0H3
general,U013AK19T4Z
general,U013AMHCEBZ
general,U013BL7GF34
general,U013BMUPWDU
general,U013BSAGWFL
general,U013C6MLEKV
general,U013CJKB9KM
general,U013CP3TS8M
general,U013CSETUBA
general,U013D0G433M
general,U013DU82848
general,U013EB05ZN2
general,U013EQLLHFS
general,U013G1FJWRF
general,U013K48LMPG
general,U013KGU3SES
general,U013KP454T0
general,U013L3S425D
general,U013L95PXHT
general,U013M8WTVV2
general,U013M8XKWHJ
general,U013MTF6CUS
general,U013MTKDHEU
general,U013N2DLNLD
general,U013N37C4SV
general,U013NS6916C
general,U013PDJT4D8
general,U013PET0KC1
general,U013Q5NLC73
general,U013QADQRQ9
general,U013QBDSPBQ
general,U013QM27J77
general,U013T4A6UH0
general,U013TRAK8JC
general,U013U11BETZ
general,U013U3UP07Q
general,U013U5VEY2J
general,U013UCLGRDH
general,U013UK8A2UC
general,U013W8THKT6
general,U013WUWLE85
general,U013X0RSMU4
general,U013XUVADFV
general,U013Y93P8HF
general,U013YVB5R0T
general,U013ZS3PT19
general,U014089R336
general,U0141AV71CZ
general,U0141C06XF0
general,U0141K4M550
general,U0142LW4G1H
general,U01439D0AN9
general,U0143R177DF
general,U0144T9U9K3
general,U0144TPAWBG
general,U0144UABMDW
general,U0144UAG92L
general,U0144UAHXKJ
general,U0145HBL2Q5
general,U0145NKAZ2L
general,U0145Q0TLBT
general,U0147QZ0B0S
general,U0147RFGBJP
general,U0147UF671T
general,U0148GP2TNH
general,U0149SDFF0E
general,U014A4CQQ0G
general,U014A5W4RFS
general,U014AU5MQSZ
general,U014B5C38UV
general,U014B7R5ZGR
general,U014BBZKB6V
general,U014BJ95C3A
general,U014C2HF1LH
general,U014C33GAG2
general,U014C43R77C
general,U014CGP56AY
general,U014CSVANBT
general,U014D0Q95K5
general,U014DRXF6JK
general,U014E5PDQUX
general,U014E6V0P8E
general,U014FF6SELX
general,U014FJENJF6
general,U014FV5Q332
general,U014G1442M9
general,U014G7G722U
general,U014GAA8Z32
general,U014H20U830
general,U014J3WPGQ5
general,U014JC178QJ
general,U014JK04S3X
general,U014JN8E8UC
general,U014KGRTRU4
general,U014LA7HYSG
general,U014LMZ6N8Z
general,U014PBDFQKC
general,U014Q1D12Q6
general,U014Q83ALUF
general,U014QCHRCGP
general,U014RB91RU6
general,U014S0L8KUN
general,U014S7BFK46
general,U014TL69DMF
general,U014VGFV1FX
general,U014WNUALKU
general,U014X83SXB2
general,U014XTDPYTW
general,U014Y38JL10
general,U014ZDZ5RAS
general,U014ZEJ4547
general,U014ZM0Q0KG
general,U014ZNP8G6M
general,U0150NU7AR4
general,U01510V7CEL
general,U0151LNM6SE
general,U01523VRYFN
general,U0152DVG85B
general,U0152M9F508
general,U0152NWV4RY
general,U01550X4N8J
general,U0155DEU9RA
general,U01564M9ZTR
general,U0156C4D8F2
general,U015728FAKF
general,U0157MDUASX
general,U0158HXQAE8
general,U01592S8SFQ
general,U01595578RW
general,U01597CKQHF
general,U01599QDZH7
general,U0159JL0ZGB
general,U0159RNQRMW
general,U015AAZ26H4
general,U015ADTQQHJ
general,U015AT3Q9TN
general,U015BT4HL6A
general,U015D1BSNRJ
general,U015E6CU60N
general,U015F181V1D
general,U015FJ97J5R
general,U015G45AHR6
general,U015GDM657F
general,U015H6T3EH3
general,U015HPUNU7M
general,U015J8BFW5P
general,U015J9D9DJ6
general,U015LDBACHW
general,U015LE1EF4Y
general,U015MRX4HCK
general,U015N43V90R
general,U015NELTN3A
general,U015NN1PK7X
general,U015PG6RGVD
general,U015PQASSG6
general,U015QRY0K6D
general,U015QS65KKN
general,U015RF1QUEA
general,U015RP56875
general,U015S6UV0H0
general,U015SN5FV5M
general,U015TF5P62D
general,U015TJWE9PU
general,U015TVDBZ8S
general,U015U58A34Y
general,U015UGQGYVC
general,U015V10293P
general,U015VJ5AN7Q
general,U015WKEN81G
general,U015WLM50TE
general,U015XAZFSG5
general,U015XK581EW
general,U015XMASN5A
general,U015YFYG1AR
general,U015YMVTBLY
general,U015Z1AMWPN
general,U015ZK4V23W
general,U015ZU8GRDH
general,U0160S4SZ5H
general,U01622TBAJ0
general,U0162DXLC1M
general,U01639DAEPM
general,U0163J515C6
general,U0163LQBN30
general,U0163UXNX2B
general,U0164DRS4LC
general,U0164LUC0AE
general,U0165F5E8NM
general,U0165S9FJCC
general,U01672G6U8H
general,U01676EFBGE
general,U01677DT7NY
general,U0167PESANL
general,U016851AW67
general,U0168N0L3TR
general,U01690HA6E8
general,U01693BV1QE
general,U016A6V2X7U
general,U016BF7FE65
general,U016BK63S1K
general,U016BL4ND5X
general,U016BN9UYRM
general,U016BUK4FJT
general,U016C4WQZBK
general,U016C5P96Q4
general,U016CA2FJF9
general,U016CL92LQ6
general,U016DU7SVFU
general,U016ETU1PR7
general,U016FFBFMP0
general,U016FM78W15
general,U016G5DFQ77
general,U016G90P733
general,U016G9492BZ
general,U016GHVN0HL
general,U016GKC2N3S
general,U016GVB8AKY
general,U016H1JL38T
general,U016H6NUC9H
general,U016HL0FCKG
general,U016J5ZCE06
general,U016JK30FSA
general,U016KD5H1A6
general,U016KTY9Y3V
general,U016L4PPB62
general,U016LPDTHDX
general,U016LR7JWA1
general,U016M3F48D8
general,U016M4223HA
general,U016MCSFM61
general,U016N2D0PLZ
general,U016N8Q8AFQ
general,U016P5HH3ST
general,U016PH09JH3
general,U016QTGAFUL
general,U016QU82ETG
general,U016RFB3LF8
general,U016SRA1T6H
general,U016T67V9CZ
general,U016T9DKWFJ
general,U016TJN4DKP
general,U016TTNBY8L
general,U016V06D1K8
general,U016VBHQA4S
general,U016VFNNHGV
general,U016WBS2VKM
general,U016XB2C1AM
general,U016XTXN3PD
general,U016Z0K6NN5
general,U016Z9BUBS8
general,U016ZJNFWM6
general,U016ZRT4WPN
general,U0170182H3N
general,U01707LPTT4
general,U01709JU292
general,U0170QBEBRT
general,U017193F7JQ
general,U0171EC2D6G
general,U0171JC879Q
general,U0171QWP36D
general,U017211DSN9
general,U0172NQE2KW
general,U0173077ADN
general,U0173QWJBRS
general,U0173SLMXEU
general,U0173SQL2BV
general,U01745F7WNQ
general,U0175LMR197
general,U0175QFM83Z
general,U0177BVJHS8
general,U0177KTLVE3
general,U0177MC5VJB
general,U0177UXARDL
general,U0179TNUFK2
general,U0179U16Z9C
general,U017A1VETPT
general,U017A55PE9E
general,U017A7PLLUE
general,U017A84463S
general,U017BAULJL9
general,U017BUJREAU
general,U017C0PQMB8
general,U017D502VGW
general,U017DN9Q1LH
general,U017DSK3C6Q
general,U017E1VHNBF
general,U017EQPUWRJ
general,U017FGQ3DCH
general,U017FL55AHL
general,U017FNHB75K
general,U017FP15G95
general,U017GR0D0JC
general,U017JG9S1E1
general,U017JQHCVHU
general,U017K2WGVL0
general,U017K7V8K4Y
general,U017KSSHT50
general,U017KT7UXS6
general,U017L3WC2SX
general,U017L3WCJQK
general,U017MKCCD1N
general,U017NGT1WSD
general,U017P5P5RL3
general,U017Q8WGAP7
general,U017QBL9QQH
general,U017QSV6JKT
general,U017S6KSGCD
general,U017SRRRTGR
general,U017SUW3A4T
general,U017TD7EW75
general,U017TGWTYG2
general,U017TP0CC4T
general,U017UHP9ULC
general,U017VKU0H9V
general,U017XM2DWJY
general,U017Y6V5Q92
general,U017YG74XA5
general,U017ZKFJ5FU
general,U0180LVBZM5
general,U0180MEPHGT
general,U0180PH6SQ7
general,U0180SW92DN
general,U0180U4ET6D
general,U018116Q89F
general,U0181PY6NAC
general,U0181UPQC3C
general,U018202HZ88
general,U01832X11RA
general,U0183Q35T40
general,U0184U8H99R
general,U01854MJ85P
general,U0185SZ13PF
general,U0186F0RS3Y
general,U01877YKTPB
general,U01880WS0EA
general,U018847HY74
general,U0188QFSDGA
general,U01895DCBV5
general,U0189PUDPE1
general,U018BGZV3K2
general,U018C7J3A8G
general,U018EHX2HUL
general,U018H0JE06M
general,U018H0W24SZ
general,U018JJX2JSG
general,U018K3UDF70
general,U018KBZPZRS
general,U018KJ079RA
general,U018KSRTZHP
general,U018PHZNNBD
general,U018PQ3HQ64
general,U018QFE03AN
general,U018Y3ESHND
general,U018YK6EY8H
general,U0197E07PFA
general,U019BCGD0QY
design,U7GMC60TV
design,U7GN92G9H
design,U7GSEN2S0
design,U7H3JCP5K
design,U7HPM7JHL
design,U7SDD7Y3F
design,U80EFANJE
design,U8JH7A18E
design,U9SRUD2U9
design,UA22VUQR1
design,UC81VFB6H
design,UCLFU0CPR
design,UCTDVR9QV
design,UCUA7190U
design,UCZ891UGN
design,UD2AENPQC
design,UDCHHKH5Z
design,UDSMP04KB
design,UDUTKK2SX
design,UE16SKUAZ
design,UE9ED4K8R
design,UEKMQT4SH
design,UERSRAZA4
design,UEVGV8VFE
design,UEX4GB9K5
design,UEXPCMN0Z
design,UEYTPL4NR
design,UF08K2Q2Z
design,UF4L8USF4
design,UF5F3T1QW
design,UFG6MQZ5E
design,UFP6V5W4E
design,UFP6Y65UZ
design,UFRB5GU9Z
design,UFWUGG1L3
design,UFXJ04UKY
design,UG5QWG2TZ
design,UG7015T8X
design,UGEQ6UG20
design,UGN8JA8CS
design,UGNRBGNQ5
design,UGUDBLASF
design,UH98QFPGX
design,UHFV7BYQG
design,UHGHQM2TS
design,UHK31ESN4
design,UHL76FU4Q
design,UHLFWKFGC
design,UHPN12DBL
design,UHPRUFJE5
design,UHS5U7P09
design,UHVQ90E3W
design,UHYS3M7U0
design,UJ0MTCSSF
design,UJ31HFUH5
design,UJ5SNRNBH
design,UJBRAA0UX
design,UJDEJ31C3
design,UJL35E8HE
design,UJL7WRVR9
design,UJVGYPM5H
design,UK08MESS1
design,UK0HMC06B
design,UK32HHB38
design,UK470CSE9
design,UK7U41ND6
design,UKD6U802X
design,UKF8A80Q2
design,UKLJ1J72M
design,UKLL0QVHN
design,UKMFSL6BE
design,UKQDGP1MG
design,UL9EXPZFY
design,ULEAXMD0X
design,ULFSE886A
design,ULGBLSQ66
design,ULGLJ386A
design,ULGLSLSNQ
design,ULJ9AU5P1
design,ULS7R8TSR
design,ULST534H5
design,ULXQZ48A1
design,UM1ELJFDE
design,UM37NP17G
design,UM4AW481K
design,UMA11A0TZ
design,UMB13ALDB
design,UMCDSN9CK
design,UMESTE7S9
design,UMNML0TCY
design,UMTM37Q64
design,UNDBVPDB7
design,UPC60GRPD
design,UPRG935GB
design,UPS6ET5JP
design,UPWES603B
design,UPYDAUZ0D
design,UQCR27LJC
design,UR2GUT6EM
design,URGQUCSTD
design,URUH04ZCN
design,URULLQ2EM
design,US5GV6L8K
design,US7JDL401
design,US7VD23JA
design,USKCHSE2W
design,USSPSTS0L
design,USTDSL2MC
design,UT2TMHM0E
design,UTENKFY5R
design,UU10WEB62
design,UU3M09KR9
design,UUASYMC94
design,UUFK417UP
design,U010Y5U41FH
design,U010ZBBHUA1
design,U011CU2AA5V
design,U011GG6BXBR
design,U011MEMHUE7
design,U011STV1ECR
design,U012KRFMM1U
design,U012MAY95H6
design,U0134ERAH71
design,U013503UG0P
design,U0138GK6P2B
design,U013UCLGRDH
design,U0141C06XF0
design,U014D0Q95K5
design,U014X83SXB2
design,U014XTDPYTW
design,U0157MDUASX
design,U015NN1PK7X
design,U015TJWE9PU
design,U0160S4SZ5H
design,U016G9492BZ
design,U016JK30FSA
design,U016MCSFM61
design,U016TTNBY8L
design,U0170182H3N
design,U0171QWP36D
design,U017EQPUWRJ
design,U017K7V8K4Y
design,U017NGT1WSD
design,U017S6KSGCD
design,U017TP0CC4T
design,U01832X11RA
design,U0183Q35T40
design,U0185SZ13PF
design,U01880WS0EA
design,U0189PUDPE1
design,U018H0W24SZ
design,U018JJX2JSG
commits,U7H3JCP5K
commits,UC81VFB6H
commits,UCT5Y3THU
commits,UCVG38CUX
commits,UDBV75S6M
commits,UDCHHKH5Z
commits,UDMR73EH0
commits,UE16SKUAZ
commits,UE7FM63JS
commits,UE9ED4K8R
commits,UEDS84YUR
commits,UF5F3T1QW
commits,UFG6MQZ5E
commits,UFP6Y65UZ
commits,UFWUGG1L3
commits,UG65SBF9C
commits,UGMQ8VAUV
commits,UGUDBLASF
commits,UHPRUFJE5
commits,UHYS3M7U0
commits,UJ5SNRNBH
commits,UJL35E8HE
commits,UJL7WRVR9
commits,UKNTYPSKW
commits,UKQDGP1MG
commits,ULGLSLSNQ
commits,ULJ9AU5P1
commits,ULXQNV89W
commits,UMB13ALDB
commits,UMCDSN9CK
commits,UN2TYEF2R
commits,UPRG935GB
commits,UPS6ET5JP
commits,UQU41UB6D
commits,UTENKFY5R
commits,UTPNP2EN6
commits,U010QRGQHLH
commits,U013UCLGRDH
commits,U016MCSFM61
commits,U016TTNBY8L
commits,U0171QWP36D
commits,U017A1VETPT
commits,U017S6KSGCD
commits,U01832X11RA
pull-requests,U7H3JCP5K
pull-requests,UC81VFB6H
pull-requests,UCT5Y3THU
pull-requests,UDBV75S6M
pull-requests,UDCHHKH5Z
pull-requests,UDMR73EH0
pull-requests,UDSMP04KB
pull-requests,UDT2DMXEH
pull-requests,UE16SKUAZ
pull-requests,UE48ZJWA3
pull-requests,UE95K11HQ
pull-requests,UE9ED4K8R
pull-requests,UEB2RFJMR
pull-requests,UEJUJAJHL
pull-requests,UETD5UM9P
pull-requests,UF97C5H1V
pull-requests,UFG6MQZ5E
pull-requests,UFP6V5W4E
pull-requests,UFP6Y65UZ
pull-requests,UFUMB4DM4
pull-requests,UGUDBLASF
pull-requests,UHPRUFJE5
